voting_ID,faction_ID,for,against,abstain,did_not_vote,absent
1417090270,4,370,0,2,32,14
1417090482,4,343,0,1,59,15
1417092081,4,393,0,0,21,4
1417096360,1,140,0,0,4,2
1417096360,2,78,0,1,4,0
1417096360,3,23,0,0,13,4
1417096360,4,32,0,0,4,1
1417096360,5,28,0,0,3,1
1417096360,6,20,0,0,2,0
1417096360,7,20,0,0,0,0
1417096360,8,17,0,0,1,1
1417096360,9,12,0,0,7,0
1417096933,1,142,0,0,3,1
1417096933,2,83,0,0,0,0
1417096933,3,1,0,0,32,7
1417096933,4,26,0,3,7,1
1417096933,5,32,0,0,0,0
1417096933,6,19,0,0,3,0
1417096933,7,20,0,0,0,0
1417096933,8,18,0,0,0,1
1417096933,9,18,0,0,1,0
1417100374,1,139,2,2,1,1
1417100374,2,83,0,0,0,0
1417100374,3,1,0,0,28,11
1417100374,4,12,0,4,9,13
1417100374,5,32,0,0,0,0
1417100374,6,21,0,1,0,0
1417100374,7,19,0,0,0,1
1417100374,8,18,0,0,0,1
1417100374,9,16,0,0,2,1
1417100590,1,136,0,1,7,1
1417100590,2,82,0,0,0,1
1417100590,3,19,1,0,7,13
1417100590,4,23,0,0,0,15
1417100590,5,31,0,0,1,0
1417100590,6,22,0,0,0,0
1417100590,7,18,0,0,1,1
1417100590,8,18,0,0,0,1
1417100590,9,17,0,0,1,1
1417523777,1,123,0,0,16,6
1417523777,2,81,0,0,0,2
1417523777,3,0,1,0,27,12
1417523777,4,26,0,0,3,11
1417523777,5,30,0,0,1,1
1417523777,6,22,0,0,0,0
1417523777,7,8,0,0,4,8
1417523777,8,18,0,0,0,1
1417523777,9,2,0,0,15,2
1417536570,1,0,0,0,139,6
1417536570,2,0,0,0,77,6
1417536570,3,0,0,0,28,12
1417536570,4,0,0,0,29,11
1417536570,5,0,0,0,2,30
1417536570,6,0,0,0,21,1
1417536570,7,0,0,0,16,4
1417536570,8,0,0,0,18,1
1417536570,9,0,0,0,13,6
1417543122,1,143,0,0,1,3
1417543122,2,82,0,0,0,1
1417543122,3,0,0,0,28,12
1417543122,4,21,0,0,1,16
1417543122,5,32,0,0,0,0
1417543122,6,22,0,0,0,0
1417543122,7,17,0,0,0,3
1417543122,8,18,0,0,0,1
1417543122,9,16,0,0,2,1
1417543723,1,143,0,0,2,2
1417543723,2,82,0,0,0,1
1417543723,3,0,0,0,25,15
1417543723,4,17,0,0,4,17
1417543723,5,32,0,0,0,0
1417543723,6,22,0,0,0,0
1417543723,7,17,0,0,0,3
1417543723,8,18,0,0,0,1
1417543723,9,16,0,0,2,1
1417544566,1,125,0,5,15,2
1417544566,2,69,0,0,12,2
1417544566,3,0,2,0,28,10
1417544566,4,5,6,1,13,13
1417544566,5,0,6,0,26,0
1417544566,6,15,0,1,6,0
1417544566,7,1,0,0,14,5
1417544566,8,14,0,1,3,1
1417544566,9,0,2,1,12,4
1417549859,1,123,8,1,11,4
1417549859,2,73,0,0,9,1
1417549859,3,0,0,0,2,38
1417549859,4,4,14,1,2,17
1417549859,5,2,20,0,10,0
1417549859,6,21,0,0,0,1
1417549859,7,0,1,0,11,8
1417549859,8,0,1,0,16,2
1417549859,9,0,4,0,11,4
1417550691,1,136,1,6,1,3
1417550691,2,80,0,0,2,1
1417550691,3,0,0,0,2,38
1417550691,4,9,0,6,1,22
1417550691,5,25,0,6,1,0
1417550691,6,21,0,1,0,0
1417550691,7,0,0,0,11,9
1417550691,8,16,0,1,0,2
1417550691,9,1,0,10,2,6
1417550993,1,128,0,0,10,9
1417550993,2,74,0,0,3,6
1417550993,3,0,0,0,2,38
1417550993,4,19,0,0,1,18
1417550993,5,32,0,0,0,0
1417550993,6,22,0,0,0,0
1417550993,7,8,0,0,2,10
1417550993,8,16,0,0,1,2
1417550993,9,5,0,0,4,10
1417551022,1,132,0,0,6,9
1417551022,2,75,0,0,3,5
1417551022,3,0,0,0,2,38
1417551022,4,15,0,0,6,17
1417551022,5,32,0,0,0,0
1417551022,6,21,0,0,1,0
1417551022,7,6,0,0,4,10
1417551022,8,16,0,0,0,3
1417551022,9,0,0,0,5,14
1417551109,1,132,0,2,5,8
1417551109,2,78,0,0,1,4
1417551109,3,0,0,0,2,38
1417551109,4,21,0,0,0,17
1417551109,5,32,0,0,0,0
1417551109,6,21,0,0,1,0
1417551109,7,6,0,0,3,11
1417551109,8,16,0,0,0,3
1417551109,9,7,0,0,2,10
1417551134,1,134,0,0,5,8
1417551134,2,78,0,0,1,4
1417551134,3,0,0,0,2,38
1417551134,4,21,0,0,0,17
1417551134,5,31,0,0,1,0
1417551134,6,21,0,0,1,0
1417551134,7,7,0,0,2,11
1417551134,8,16,0,0,0,3
1417551134,9,1,0,0,6,12
1417551157,1,131,1,1,5,9
1417551157,2,76,0,0,3,4
1417551157,3,0,0,0,2,38
1417551157,4,19,1,0,1,17
1417551157,5,31,0,0,1,0
1417551157,6,19,1,1,1,0
1417551157,7,6,0,0,3,11
1417551157,8,16,0,0,0,3
1417551157,9,2,0,0,4,13
1417551181,1,130,0,2,6,9
1417551181,2,76,0,0,3,4
1417551181,3,0,0,0,2,38
1417551181,4,19,0,0,2,17
1417551181,5,31,0,0,1,0
1417551181,6,20,0,0,2,0
1417551181,7,7,0,0,2,11
1417551181,8,16,0,0,0,3
1417551181,9,1,0,0,4,14
1417551202,1,131,0,0,7,9
1417551202,2,77,0,0,2,4
1417551202,3,0,0,0,2,38
1417551202,4,20,0,0,1,17
1417551202,5,30,0,1,1,0
1417551202,6,21,0,0,0,1
1417551202,7,7,0,0,1,12
1417551202,8,16,0,0,0,3
1417551202,9,1,0,0,5,13
1417551226,1,133,0,0,4,10
1417551226,2,76,0,0,3,4
1417551226,3,0,0,0,2,38
1417551226,4,21,0,0,0,17
1417551226,5,31,0,0,1,0
1417551226,6,21,0,0,0,1
1417551226,7,7,0,0,1,12
1417551226,8,16,0,0,0,3
1417551226,9,1,0,0,5,13
1417551249,1,133,0,1,3,10
1417551249,2,78,0,0,1,4
1417551249,3,0,0,0,2,38
1417551249,4,19,0,0,2,17
1417551249,5,32,0,0,0,0
1417551249,6,21,0,0,0,1
1417551249,7,7,0,0,1,12
1417551249,8,16,0,0,0,3
1417551249,9,0,0,0,5,14
1417551274,1,128,1,4,4,10
1417551274,2,74,0,1,4,4
1417551274,3,0,0,0,2,38
1417551274,4,15,0,1,5,17
1417551274,5,27,1,3,1,0
1417551274,6,20,0,0,1,1
1417551274,7,6,0,0,2,12
1417551274,8,14,0,1,1,3
1417551274,9,1,0,0,5,13
1417551322,1,131,0,0,5,11
1417551322,2,77,0,0,2,4
1417551322,3,0,0,0,2,38
1417551322,4,19,0,0,2,17
1417551322,5,32,0,0,0,0
1417551322,6,21,0,0,0,1
1417551322,7,7,0,0,1,12
1417551322,8,16,0,0,0,3
1417551322,9,2,0,0,5,12
1417712628,1,140,0,0,0,7
1417712628,2,74,0,0,3,2
1417712628,4,18,0,0,8,16
1417712628,3,0,20,1,9,10
1417712628,5,31,0,0,0,2
1417712628,6,21,0,0,0,1
1417712628,7,14,0,0,2,4
1417712628,8,15,0,0,0,4
1417712628,9,0,3,3,10,2
1417713655,1,138,1,0,2,7
1417713655,2,73,0,0,3,2
1417713655,4,22,0,1,7,13
1417713655,3,0,15,1,14,10
1417713655,5,29,0,0,1,2
1417713655,6,21,0,0,0,1
1417713655,7,15,0,0,2,3
1417713655,8,15,0,0,0,4
1417713655,9,2,3,0,11,2
1417713807,1,133,0,1,7,7
1417713807,2,72,0,0,4,2
1417713807,4,12,0,9,9,13
1417713807,3,0,23,0,7,10
1417713807,5,26,0,0,4,2
1417713807,6,0,1,0,20,1
1417713807,7,15,0,0,2,3
1417713807,8,12,0,0,3,4
1417713807,9,0,3,0,12,3
1417714982,1,117,0,5,14,12
1417714982,2,74,0,0,2,2
1417714982,4,12,11,1,5,14
1417714982,3,0,22,0,9,9
1417714982,5,21,0,0,9,2
1417714982,6,0,1,0,20,1
1417714982,7,15,0,0,2,3
1417714982,8,10,0,0,5,4
1417714982,9,0,3,0,14,1
1418121895,1,122,1,1,9,16
1418121895,2,75,0,0,1,5
1418121895,3,0,0,1,32,7
1418121895,4,20,0,0,7,13
1418121895,5,26,0,0,1,5
1418121895,6,21,0,0,0,1
1418121895,7,0,0,0,10,10
1418121895,8,14,0,0,0,5
1418121895,9,0,1,0,8,9
1418122235,1,130,0,1,4,14
1418122235,2,73,1,0,2,5
1418122235,3,26,0,0,8,6
1418122235,4,15,0,8,4,13
1418122235,5,29,0,0,0,3
1418122235,6,21,0,0,0,1
1418122235,7,14,0,0,2,4
1418122235,8,14,0,0,0,5
1418122235,9,12,0,0,2,4
1418123055,1,132,0,0,3,14
1418123055,2,75,0,0,2,4
1418123055,3,24,0,0,10,6
1418123055,4,24,0,0,3,13
1418123055,5,28,0,0,1,3
1418123055,6,20,0,0,1,1
1418123055,7,14,0,0,3,3
1418123055,8,14,0,0,0,5
1418123055,9,12,0,0,1,5
1418123091,1,129,0,1,4,15
1418123091,2,77,0,0,0,4
1418123091,3,0,2,1,29,8
1418123091,4,22,0,0,4,14
1418123091,5,28,0,0,1,3
1418123091,6,20,0,0,1,1
1418123091,7,9,0,0,8,3
1418123091,8,14,0,0,0,5
1418123091,9,10,0,0,3,5
1418293228,1,138,0,0,5,6
1418293228,2,71,0,0,5,6
1418293228,3,31,0,0,5,4
1418293228,4,25,0,0,2,12
1418293228,5,29,0,0,0,3
1418293228,6,20,0,0,1,1
1418293228,7,11,0,0,2,7
1418293228,8,16,0,0,0,3
1418293228,9,8,0,0,9,1
1418293320,1,134,0,0,9,6
1418293320,2,66,0,0,10,6
1418293320,3,23,0,1,13,3
1418293320,4,18,0,0,9,12
1418293320,5,29,0,0,0,3
1418293320,6,21,0,0,0,1
1418293320,7,8,0,0,4,8
1418293320,8,16,0,0,0,3
1418293320,9,10,0,0,7,1
1418304198,1,123,2,6,6,12
1418304198,2,77,0,0,1,4
1418304198,3,0,13,1,11,15
1418304198,4,7,11,1,1,19
1418304198,5,27,0,2,0,3
1418304198,6,20,0,1,0,1
1418304198,7,0,0,2,9,9
1418304198,8,15,0,0,1,3
1418304198,9,0,2,1,13,2
1418304320,1,134,0,0,5,10
1418304320,2,75,0,0,2,5
1418304320,3,13,0,1,14,12
1418304320,4,21,0,0,2,16
1418304320,5,28,0,0,1,3
1418304320,6,21,0,0,1,0
1418304320,7,7,0,0,4,9
1418304320,8,14,0,0,2,3
1418304320,9,6,0,0,12,0
1418304356,1,118,1,4,16,10
1418304356,2,76,0,0,1,5
1418304356,3,0,3,1,24,12
1418304356,4,13,7,0,3,16
1418304356,5,13,0,3,13,3
1418304356,6,21,0,0,1,0
1418304356,7,1,1,0,9,9
1418304356,8,15,0,0,1,3
1418304356,9,5,0,0,13,0
1418305638,1,135,0,0,5,9
1418305638,2,76,0,0,1,5
1418305638,3,0,3,1,28,8
1418305638,4,12,0,2,9,16
1418305638,5,27,0,1,1,3
1418305638,6,22,0,0,0,0
1418305638,7,11,0,0,1,8
1418305638,8,16,0,0,0,3
1418305638,9,17,0,0,0,1
1418305682,1,133,0,0,7,9
1418305682,2,76,0,0,1,5
1418305682,3,0,0,1,31,8
1418305682,4,12,0,0,11,16
1418305682,5,29,0,0,0,3
1418305682,6,21,0,0,1,0
1418305682,7,11,0,0,1,8
1418305682,8,15,0,0,1,3
1418305682,9,13,0,0,4,1
1418307604,1,112,0,2,15,20
1418307604,2,71,0,2,3,6
1418307604,3,0,0,1,31,8
1418307604,4,16,0,1,4,18
1418307604,5,27,0,0,2,3
1418307604,6,22,0,0,0,0
1418307604,7,0,0,0,9,11
1418307604,8,16,0,0,0,3
1418307604,9,0,0,0,15,3
1418308241,1,112,1,4,8,24
1418308241,2,68,0,0,7,7
1418308241,3,0,1,1,29,9
1418308241,4,5,6,8,2,18
1418308241,5,26,0,1,2,3
1418308241,6,21,0,0,1,0
1418308241,7,0,0,0,7,13
1418308241,8,15,0,0,1,3
1418308241,9,0,1,1,14,2
1418308781,1,127,0,0,8,14
1418308781,2,70,0,0,6,6
1418308781,3,18,0,0,6,16
1418308781,4,21,0,0,2,16
1418308781,5,28,0,0,1,3
1418308781,6,21,0,0,1,0
1418308781,7,8,0,0,0,12
1418308781,8,15,0,0,0,4
1418308781,9,13,0,0,4,1
1418309656,1,109,0,0,17,23
1418309656,2,65,0,0,9,8
1418309656,3,20,0,0,5,15
1418309656,4,18,0,0,2,19
1418309656,5,28,0,0,1,3
1418309656,6,21,0,0,1,0
1418309656,7,2,0,0,1,17
1418309656,8,15,0,0,1,3
1418309656,9,10,0,0,4,4
1418309694,1,113,0,0,11,25
1418309694,2,65,0,0,9,8
1418309694,3,20,0,0,5,15
1418309694,4,18,0,0,2,19
1418309694,5,27,0,0,2,3
1418309694,6,20,0,0,2,0
1418309694,7,1,0,0,2,17
1418309694,8,13,0,1,2,3
1418309694,9,10,0,0,5,3
1418309794,1,102,1,1,17,28
1418309794,2,62,0,0,12,8
1418309794,3,1,0,1,17,21
1418309794,4,14,0,0,6,19
1418309794,5,27,0,0,1,4
1418309794,6,21,0,0,1,0
1418309794,7,0,0,0,2,18
1418309794,8,16,0,0,0,3
1418309794,9,1,1,0,12,4
1418310345,1,96,0,6,18,29
1418310345,2,57,0,1,15,9
1418310345,3,0,0,1,17,22
1418310345,4,13,1,0,3,22
1418310345,5,25,0,1,2,4
1418310345,6,21,0,0,1,0
1418310345,7,0,0,0,1,19
1418310345,8,16,0,0,0,3
1418310345,9,0,0,0,14,4
1418310384,1,110,0,3,9,27
1418310384,2,66,0,0,7,9
1418310384,3,0,1,1,15,23
1418310384,4,14,1,0,2,22
1418310384,5,25,0,1,2,4
1418310384,6,21,0,0,1,0
1418310384,7,0,0,0,2,18
1418310384,8,16,0,0,0,3
1418310384,9,0,0,0,13,5
1419332087,1,20,5,3,110,11
1419332087,2,1,13,0,66,2
1419332087,3,3,0,0,28,9
1419332087,4,15,0,1,14,10
1419332087,5,31,0,0,1,0
1419332087,6,21,0,0,0,1
1419332087,7,8,0,0,10,2
1419332087,8,16,0,0,0,3
1419332087,9,5,0,0,12,1
1419332191,1,8,4,9,118,10
1419332191,2,0,13,0,67,2
1419332191,3,2,0,0,29,9
1419332191,4,15,0,1,14,10
1419332191,5,30,0,0,2,0
1419332191,6,3,0,2,16,1
1419332191,7,4,0,0,14,2
1419332191,8,16,0,0,0,3
1419332191,9,3,0,0,13,2
1419332258,1,6,4,12,116,11
1419332258,2,0,10,0,70,2
1419332258,3,1,0,1,29,9
1419332258,4,6,0,1,23,10
1419332258,5,29,0,0,3,0
1419332258,6,0,0,0,21,1
1419332258,7,2,0,0,16,2
1419332258,8,16,0,0,0,3
1419332258,9,1,0,0,15,2
1419332557,1,16,1,11,108,13
1419332557,2,0,8,1,71,2
1419332557,3,5,0,0,25,10
1419332557,4,15,0,1,14,10
1419332557,5,30,0,0,2,0
1419332557,6,3,0,0,18,1
1419332557,7,1,0,0,17,2
1419332557,8,16,0,0,0,3
1419332557,9,1,0,0,15,2
1419332726,1,19,2,11,102,15
1419332726,2,0,7,2,71,2
1419332726,3,4,0,1,25,10
1419332726,4,15,0,1,14,10
1419332726,5,30,0,1,1,0
1419332726,6,20,0,0,1,1
1419332726,7,5,0,0,13,2
1419332726,8,16,0,0,0,3
1419332726,9,0,0,0,16,2
1419332876,1,14,2,13,108,12
1419332876,2,0,3,0,77,2
1419332876,3,5,0,0,25,10
1419332876,4,15,0,0,15,10
1419332876,5,30,0,0,2,0
1419332876,6,1,0,0,20,1
1419332876,7,4,0,0,14,2
1419332876,8,16,0,0,0,3
1419332876,9,1,0,1,14,2
1419332983,1,0,2,11,122,14
1419332983,2,0,3,0,77,2
1419332983,3,4,0,0,25,11
1419332983,4,13,0,0,17,10
1419332983,5,29,0,0,3,0
1419332983,6,1,0,0,20,1
1419332983,7,1,0,1,16,2
1419332983,8,14,0,0,2,3
1419332983,9,0,0,1,15,2
1419333101,1,9,2,14,110,14
1419333101,2,0,3,1,75,3
1419333101,3,3,0,0,26,11
1419333101,4,14,0,0,16,10
1419333101,5,26,0,0,6,0
1419333101,6,1,0,0,19,2
1419333101,7,0,0,1,17,2
1419333101,8,15,0,0,1,3
1419333101,9,0,0,1,15,2
1419333186,1,3,2,13,117,14
1419333186,2,0,2,0,76,4
1419333186,3,5,0,0,24,11
1419333186,4,12,0,0,18,10
1419333186,5,28,0,0,4,0
1419333186,6,1,0,0,19,2
1419333186,7,0,0,0,18,2
1419333186,8,15,0,0,1,3
1419333186,9,1,0,1,14,2
1419333344,1,10,3,14,108,14
1419333344,2,0,8,0,71,3
1419333344,3,6,0,0,23,11
1419333344,4,14,0,1,15,10
1419333344,5,27,0,0,5,0
1419333344,6,1,0,0,19,2
1419333344,7,4,0,0,14,2
1419333344,8,16,0,0,0,3
1419333344,9,0,0,1,16,1
1419333427,1,13,4,17,102,13
1419333427,2,0,6,1,72,3
1419333427,3,6,0,0,23,11
1419333427,4,14,0,1,15,10
1419333427,5,28,0,0,4,0
1419333427,6,2,0,0,18,2
1419333427,7,4,0,0,14,2
1419333427,8,15,0,0,1,3
1419333427,9,0,0,1,16,1
1419333538,1,19,2,12,103,13
1419333538,2,0,7,0,72,3
1419333538,3,5,0,0,24,11
1419333538,4,16,0,1,13,10
1419333538,5,30,0,0,2,0
1419333538,6,1,0,0,19,2
1419333538,7,6,0,0,12,2
1419333538,8,16,0,0,0,3
1419333538,9,0,0,1,16,1
1419333708,1,15,4,11,105,14
1419333708,2,0,7,0,72,3
1419333708,3,5,0,0,24,11
1419333708,4,16,0,1,13,10
1419333708,5,29,0,1,2,0
1419333708,6,2,0,0,18,2
1419333708,7,1,0,0,16,3
1419333708,8,16,0,0,0,3
1419333708,9,0,0,0,17,1
1419333858,1,20,4,14,97,14
1419333858,2,0,8,0,71,3
1419333858,3,4,0,1,24,11
1419333858,4,13,0,1,16,10
1419333858,5,29,0,0,3,0
1419333858,6,1,0,0,19,2
1419333858,7,3,0,0,14,3
1419333858,8,16,0,0,0,3
1419333858,9,0,0,1,16,1
1419335004,1,116,0,7,10,16
1419335004,2,78,0,0,1,3
1419335004,3,0,17,0,11,12
1419335004,4,5,2,11,9,13
1419335004,5,0,0,2,30,0
1419335004,6,0,1,19,0,2
1419335004,7,11,0,0,6,3
1419335004,8,0,0,3,13,3
1419335004,9,13,0,0,3,2
1419335545,1,116,2,2,14,15
1419335545,2,80,0,0,0,2
1419335545,3,0,9,0,18,13
1419335545,4,3,5,1,19,12
1419335545,5,0,27,0,4,1
1419335545,6,0,3,0,17,2
1419335545,7,9,0,0,8,3
1419335545,8,0,2,0,14,3
1419335545,9,15,0,0,1,2
1419335594,1,116,0,2,23,8
1419335594,2,79,0,0,1,2
1419335594,3,0,2,0,24,14
1419335594,4,19,0,0,9,12
1419335594,5,31,0,0,0,1
1419335594,6,17,0,0,3,2
1419335594,7,11,0,0,6,3
1419335594,8,15,0,0,1,3
1419335594,9,14,0,0,2,2
1419335711,1,104,0,0,36,9
1419335711,2,72,0,0,7,3
1419335711,3,0,1,0,24,15
1419335711,4,3,8,1,16,12
1419335711,5,27,0,1,3,1
1419335711,6,15,0,0,5,2
1419335711,7,4,0,0,12,4
1419335711,8,8,0,0,8,3
1419335711,9,12,0,0,4,2
1419336800,1,127,0,0,14,8
1419336800,2,77,0,0,3,2
1419336800,3,0,8,0,18,14
1419336800,4,20,0,1,7,12
1419336800,5,29,0,0,2,1
1419336800,6,19,0,0,0,3
1419336800,7,8,0,1,6,5
1419336800,8,14,0,0,1,4
1419336800,9,9,0,0,5,4
1419342787,1,69,0,0,60,20
1419342787,2,66,0,0,11,5
1419342787,3,7,0,0,18,15
1419342787,4,14,0,1,8,17
1419342787,5,28,0,0,3,1
1419342787,6,19,0,0,2,1
1419342787,7,9,0,0,2,9
1419342787,8,13,0,0,3,3
1419342787,9,9,0,0,7,2
1419349220,1,119,0,0,16,14
1419349220,2,73,0,0,7,2
1419349220,3,0,2,0,16,22
1419349220,4,6,7,0,7,20
1419349220,5,25,0,0,5,2
1419349220,6,19,0,0,1,2
1419349220,7,0,0,0,5,15
1419349220,8,11,0,0,3,5
1419349220,9,0,0,3,9,6
1419349338,1,126,0,0,9,14
1419349338,2,76,0,0,4,2
1419349338,3,0,0,0,17,23
1419349338,4,7,0,0,13,20
1419349338,5,22,0,0,8,2
1419349338,6,20,0,0,0,2
1419349338,7,0,0,0,6,14
1419349338,8,13,0,0,1,5
1419349338,9,2,0,0,8,8
1419349426,1,86,2,1,43,17
1419349426,2,71,0,0,9,2
1419349426,3,0,2,0,15,23
1419349426,4,5,4,0,12,19
1419349426,5,0,3,0,27,2
1419349426,6,19,0,0,1,2
1419349426,7,7,0,1,2,10
1419349426,8,0,1,0,13,5
1419349426,9,0,0,1,12,5
1419349951,1,103,0,1,33,12
1419349951,2,8,1,0,70,3
1419349951,3,0,0,0,11,29
1419349951,4,15,0,0,4,21
1419349951,5,17,0,1,12,2
1419349951,6,2,0,0,18,2
1419349951,7,1,0,0,6,13
1419349951,8,14,0,0,0,5
1419349951,9,10,0,0,3,5
1419350000,1,115,0,0,22,12
1419350000,2,73,0,0,7,2
1419350000,3,6,0,0,7,27
1419350000,4,20,0,0,2,18
1419350000,5,26,0,0,4,2
1419350000,6,16,0,0,4,2
1419350000,7,11,0,0,0,9
1419350000,8,13,0,0,1,5
1419350000,9,11,0,0,2,5
1419350045,1,112,0,0,25,12
1419350045,2,5,3,0,67,7
1419350045,3,0,0,0,10,30
1419350045,4,15,0,2,4,19
1419350045,5,14,0,0,16,2
1419350045,6,0,0,1,19,2
1419350045,7,0,0,0,9,11
1419350045,8,10,0,0,4,5
1419350045,9,9,0,0,4,5
1419350701,1,113,0,0,19,17
1419350701,2,73,0,0,7,2
1419350701,3,2,0,0,10,28
1419350701,4,20,0,0,1,19
1419350701,5,27,0,0,1,4
1419350701,6,19,0,0,1,2
1419350701,7,9,0,0,0,11
1419350701,8,14,0,0,0,5
1419350701,9,8,0,0,5,5
1419350732,1,113,0,0,19,17
1419350732,2,75,0,0,5,2
1419350732,3,9,0,0,4,27
1419350732,4,21,0,0,0,19
1419350732,5,27,0,0,1,4
1419350732,6,19,0,0,0,3
1419350732,7,9,0,0,0,11
1419350732,8,14,0,0,0,5
1419350732,9,9,0,0,4,5
1419350758,1,112,0,0,20,17
1419350758,2,73,0,0,7,2
1419350758,3,8,0,0,5,27
1419350758,4,21,0,0,0,19
1419350758,5,27,0,0,1,4
1419350758,6,18,0,0,1,3
1419350758,7,8,0,0,1,11
1419350758,8,14,0,0,0,5
1419350758,9,9,0,0,4,5
1419350962,1,112,0,0,18,19
1419350962,2,63,0,0,17,2
1419350962,3,3,0,0,2,35
1419350962,4,12,0,0,8,20
1419350962,5,26,0,0,1,5
1419350962,6,19,0,0,0,3
1419350962,7,9,0,0,0,11
1419350962,8,13,0,0,1,5
1419350962,9,10,0,0,3,5
1419351224,1,92,1,1,28,27
1419351224,2,64,0,0,16,2
1419351224,3,0,0,0,3,37
1419351224,4,17,0,0,1,22
1419351224,5,25,0,0,1,6
1419351224,6,1,0,0,18,3
1419351224,7,8,0,0,0,12
1419351224,8,13,0,0,1,5
1419351224,9,0,0,0,8,10
1419351257,1,95,1,0,23,30
1419351257,2,71,0,0,9,2
1419351257,3,0,0,0,3,37
1419351257,4,16,0,0,2,22
1419351257,5,25,0,0,1,6
1419351257,6,18,0,0,1,3
1419351257,7,9,0,0,0,11
1419351257,8,13,0,0,1,5
1419351257,9,0,0,0,8,10
1419351301,1,100,0,1,24,24
1419351301,2,70,0,0,9,3
1419351301,3,0,0,0,2,38
1419351301,4,17,0,0,1,22
1419351301,5,24,0,0,2,6
1419351301,6,19,0,0,0,3
1419351301,7,8,0,0,1,11
1419351301,8,14,0,0,0,5
1419351301,9,0,0,0,7,11
1419502946,1,103,3,6,21,17
1419502946,2,79,0,0,2,1
1419502946,3,0,4,0,26,10
1419502946,4,4,1,1,23,10
1419502946,5,25,0,0,7,0
1419502946,6,18,1,0,0,3
1419502946,7,9,0,0,7,4
1419502946,8,1,0,0,16,2
1419502946,9,14,0,0,1,3
1419503572,1,121,0,0,15,14
1419503572,2,77,0,0,4,1
1419503572,3,12,0,0,17,11
1419503572,4,23,0,0,4,12
1419503572,5,28,0,0,4,0
1419503572,6,19,0,0,0,3
1419503572,7,11,0,0,4,5
1419503572,8,17,0,0,0,2
1419503572,9,13,0,0,2,3
1419503625,1,116,0,0,18,16
1419503625,2,1,0,1,72,8
1419503625,3,0,0,0,29,11
1419503625,4,16,1,0,13,9
1419503625,5,23,0,0,9,0
1419503625,6,18,0,0,1,3
1419503625,7,0,0,0,13,7
1419503625,8,17,0,0,0,2
1419503625,9,12,0,0,3,3
1419503730,1,120,0,1,12,17
1419503730,2,3,0,1,76,2
1419503730,3,0,0,1,28,11
1419503730,4,17,0,1,13,8
1419503730,5,29,0,0,3,0
1419503730,6,19,0,0,0,3
1419503730,7,0,0,0,13,7
1419503730,8,17,0,0,0,2
1419503730,9,11,0,0,4,3
1419503894,1,126,0,0,8,16
1419503894,2,75,0,0,6,1
1419503894,3,0,0,0,30,10
1419503894,4,22,0,1,8,8
1419503894,5,30,0,0,2,0
1419503894,6,19,0,0,0,3
1419503894,7,0,0,0,13,7
1419503894,8,17,0,0,0,2
1419503894,9,14,0,0,1,3
1419503986,1,126,0,0,8,16
1419503986,2,64,0,0,17,1
1419503986,3,4,0,0,26,10
1419503986,4,26,0,0,6,7
1419503986,5,30,0,0,2,0
1419503986,6,18,0,0,1,3
1419503986,7,12,0,0,3,5
1419503986,8,17,0,0,0,2
1419503986,9,13,0,0,2,3
1419504062,1,124,0,0,11,15
1419504062,2,75,0,0,6,1
1419504062,3,9,0,0,21,10
1419504062,4,27,0,0,5,7
1419504062,5,30,0,0,2,0
1419504062,6,18,0,0,1,3
1419504062,7,12,0,0,3,5
1419504062,8,17,0,0,0,2
1419504062,9,10,0,0,5,3
1419504253,1,119,0,2,14,15
1419504253,2,71,0,0,9,2
1419504253,3,25,0,0,5,10
1419504253,4,22,0,0,10,7
1419504253,5,29,0,0,3,0
1419504253,6,4,0,1,14,3
1419504253,7,12,0,0,3,5
1419504253,8,13,0,0,4,2
1419504253,9,11,0,0,4,3
1419504600,1,117,0,2,14,17
1419504600,2,70,0,0,11,1
1419504600,3,21,0,0,10,9
1419504600,4,29,0,0,3,7
1419504600,5,28,0,0,4,0
1419504600,6,19,0,0,0,3
1419504600,7,11,0,0,4,5
1419504600,8,16,0,0,1,2
1419504600,9,13,0,0,1,4
1419504629,1,107,0,3,23,17
1419504629,2,75,0,0,6,1
1419504629,3,10,1,0,19,10
1419504629,4,26,0,0,6,7
1419504629,5,27,0,0,5,0
1419504629,6,17,0,0,2,3
1419504629,7,9,0,0,6,5
1419504629,8,16,0,0,1,2
1419504629,9,10,0,0,5,3
1419504874,1,96,0,3,34,17
1419504874,2,74,0,0,6,2
1419504874,3,0,15,0,16,9
1419504874,4,4,11,3,14,7
1419504874,5,0,24,0,8,0
1419504874,6,15,0,0,4,3
1419504874,7,1,0,0,12,7
1419504874,8,0,12,0,5,2
1419504874,9,2,1,1,11,3
1419506856,1,116,0,3,17,14
1419506856,2,77,0,0,4,1
1419506856,3,0,17,0,14,9
1419506856,4,7,12,2,11,7
1419506856,5,30,0,0,2,0
1419506856,6,16,0,0,3,3
1419506856,7,0,7,2,5,6
1419506856,8,17,0,0,0,2
1419506856,9,1,7,0,8,2
1419507916,1,54,1,3,68,24
1419507916,2,64,0,0,17,1
1419507916,3,0,21,0,10,9
1419507916,4,3,15,2,10,9
1419507916,5,15,1,0,16,0
1419507916,6,0,0,17,2,3
1419507916,7,0,7,0,5,8
1419507916,8,0,14,1,2,2
1419507916,9,0,14,0,3,1
1419509260,1,107,0,1,25,17
1419509260,2,17,1,0,54,10
1419509260,3,0,0,0,30,10
1419509260,4,8,0,1,20,10
1419509260,5,26,0,0,6,0
1419509260,6,2,0,0,17,3
1419509260,7,0,3,0,9,8
1419509260,8,15,0,0,0,4
1419509260,9,0,0,0,17,1
1419509329,1,114,0,1,19,16
1419509329,2,4,1,0,74,3
1419509329,3,0,0,0,30,10
1419509329,4,6,1,2,20,10
1419509329,5,30,0,0,2,0
1419509329,6,1,1,0,17,3
1419509329,7,0,0,0,13,7
1419509329,8,15,0,0,0,4
1419509329,9,0,0,0,17,1
1419509902,1,111,0,2,20,17
1419509902,2,78,0,0,3,1
1419509902,3,0,3,0,26,11
1419509902,4,5,3,0,21,10
1419509902,5,30,0,0,2,0
1419509902,6,17,0,0,2,3
1419509902,7,0,7,0,6,7
1419509902,8,16,0,0,1,2
1419509902,9,0,1,0,15,2
1419514386,1,8,36,13,70,23
1419514386,2,76,1,0,4,1
1419514386,3,0,14,0,9,17
1419514386,4,2,14,2,4,17
1419514386,5,0,3,0,26,3
1419514386,6,0,17,0,1,4
1419514386,7,0,9,0,2,9
1419514386,8,0,14,0,3,2
1419514386,9,0,10,0,7,1
1419514438,1,119,0,1,12,18
1419514438,2,77,0,0,4,1
1419514438,3,0,0,0,23,17
1419514438,4,4,7,2,10,16
1419514438,5,29,0,0,1,2
1419514438,6,14,0,0,4,4
1419514438,7,0,6,3,3,8
1419514438,8,1,0,0,16,2
1419514438,9,14,0,0,3,1
1419515673,1,71,3,5,51,20
1419515673,2,75,0,1,5,1
1419515673,3,0,5,0,22,13
1419515673,4,3,3,1,11,21
1419515673,5,0,1,0,29,2
1419515673,6,0,1,0,17,4
1419515673,7,0,1,0,7,12
1419515673,8,0,1,0,16,2
1419515673,9,0,0,1,12,5
1419515706,1,122,1,1,8,18
1419515706,2,79,0,0,2,1
1419515706,3,0,3,0,24,13
1419515706,4,14,0,2,7,16
1419515706,5,27,1,0,2,2
1419515706,6,17,0,0,1,4
1419515706,7,0,0,1,7,12
1419515706,8,16,0,0,1,2
1419515706,9,0,0,2,11,5
1419515743,1,114,0,2,16,18
1419515743,2,79,0,0,2,1
1419515743,3,7,2,0,18,13
1419515743,4,18,0,0,5,16
1419515743,5,29,0,0,1,2
1419515743,6,17,0,0,1,4
1419515743,7,1,0,0,7,12
1419515743,8,16,0,0,1,2
1419515743,9,7,0,0,6,5
1419516395,1,3,24,11,87,25
1419516395,2,74,0,0,7,1
1419516395,3,0,7,0,20,13
1419516395,4,8,2,2,9,18
1419516395,5,1,1,0,28,2
1419516395,6,15,0,0,3,4
1419516395,7,0,0,0,3,17
1419516395,8,0,10,0,7,2
1419516395,9,0,3,1,11,3
1419516664,1,88,3,5,33,21
1419516664,2,79,0,0,2,1
1419516664,3,0,3,0,24,13
1419516664,4,13,0,0,8,18
1419516664,5,15,1,0,14,2
1419516664,6,18,0,0,0,4
1419516664,7,1,0,0,2,17
1419516664,8,0,2,5,10,2
1419516664,9,0,1,1,14,2
1419516688,1,105,5,4,16,20
1419516688,2,80,0,0,1,1
1419516688,3,0,2,0,25,13
1419516688,4,13,0,0,7,19
1419516688,5,17,0,0,13,2
1419516688,6,18,0,0,0,4
1419516688,7,1,0,0,2,17
1419516688,8,0,0,3,14,2
1419516688,9,0,0,1,15,2
1419517764,1,94,2,11,24,19
1419517764,2,77,0,0,4,1
1419517764,3,0,3,0,23,14
1419517764,4,12,2,2,8,15
1419517764,5,18,0,1,10,3
1419517764,6,19,0,0,0,3
1419517764,7,1,0,0,1,18
1419517764,8,0,0,7,10,2
1419517764,9,0,0,1,13,4
1419517796,1,109,1,7,15,18
1419517796,2,78,0,0,3,1
1419517796,3,1,1,0,24,14
1419517796,4,12,1,1,10,15
1419517796,5,23,0,0,6,3
1419517796,6,19,0,0,0,3
1419517796,7,1,0,0,1,18
1419517796,8,0,0,2,15,2
1419517796,9,0,0,0,15,3
1419517817,1,104,0,11,17,18
1419517817,2,76,0,0,5,1
1419517817,3,0,3,0,23,14
1419517817,4,14,0,1,9,15
1419517817,5,23,0,2,4,3
1419517817,6,19,0,0,0,3
1419517817,7,1,0,0,1,18
1419517817,8,0,0,8,9,2
1419517817,9,0,0,1,14,3
1419517929,1,98,1,7,23,21
1419517929,2,77,0,0,4,1
1419517929,3,0,1,0,26,13
1419517929,4,10,0,2,12,15
1419517929,5,18,1,1,9,3
1419517929,6,18,0,0,0,4
1419517929,7,1,1,0,0,18
1419517929,8,0,0,4,13,2
1419517929,9,0,0,0,16,2
1419517971,1,108,1,6,15,20
1419517971,2,81,0,0,0,1
1419517971,3,0,1,0,26,13
1419517971,4,10,0,1,13,15
1419517971,5,21,0,0,8,3
1419517971,6,19,0,0,0,3
1419517971,7,1,1,0,0,18
1419517971,8,0,1,0,16,2
1419517971,9,0,0,0,16,2
1419517997,1,106,2,10,13,19
1419517997,2,79,0,0,1,2
1419517997,3,0,1,0,26,13
1419517997,4,11,0,2,11,15
1419517997,5,21,0,1,7,3
1419517997,6,18,0,1,0,3
1419517997,7,1,1,0,1,17
1419517997,8,0,0,8,8,3
1419517997,9,0,0,1,15,2
1419519283,1,113,0,2,17,18
1419519283,2,78,0,0,3,1
1419519283,3,0,2,0,21,17
1419519283,4,7,5,0,13,14
1419519283,5,22,0,0,7,3
1419519283,6,18,0,0,1,3
1419519283,7,3,0,0,0,17
1419519283,8,2,0,0,13,4
1419519283,9,1,0,0,14,3
1419519376,1,109,0,2,23,16
1419519376,2,73,0,0,8,1
1419519376,3,4,1,0,18,17
1419519376,4,3,0,2,21,13
1419519376,5,12,0,0,17,3
1419519376,6,17,0,0,1,4
1419519376,7,0,0,0,2,18
1419519376,8,14,0,0,2,3
1419519376,9,8,0,0,8,2
1419519443,1,121,0,1,12,16
1419519443,2,75,0,0,6,1
1419519443,3,0,0,0,22,18
1419519443,4,6,0,2,17,14
1419519443,5,21,0,1,7,3
1419519443,6,16,0,0,2,4
1419519443,7,1,0,0,1,18
1419519443,8,15,0,0,1,3
1419519443,9,8,0,0,8,2
1419520407,1,107,0,3,19,21
1419520407,2,77,1,1,2,1
1419520407,3,5,0,0,16,19
1419520407,4,23,0,0,3,13
1419520407,5,29,0,0,0,3
1419520407,6,18,0,0,1,3
1419520407,7,3,0,0,0,17
1419520407,8,15,0,0,1,3
1419520407,9,10,0,0,5,3
1419521895,1,111,0,2,22,15
1419521895,2,77,0,1,3,1
1419521895,3,10,0,0,6,24
1419521895,4,17,0,2,6,14
1419521895,5,26,0,0,4,2
1419521895,6,0,0,3,15,4
1419521895,7,1,1,0,1,17
1419521895,8,14,0,0,3,2
1419521895,9,10,0,0,5,3
1419522107,1,119,0,0,13,18
1419522107,2,77,0,0,4,1
1419522107,3,0,0,0,16,24
1419522107,4,25,0,0,1,13
1419522107,5,29,0,0,1,2
1419522107,6,15,0,0,3,4
1419522107,7,2,0,0,1,17
1419522107,8,15,0,0,2,2
1419522107,9,10,0,0,5,3
1419522792,1,85,0,2,43,20
1419522792,2,74,0,0,7,1
1419522792,3,2,0,0,12,26
1419522792,4,5,0,0,18,16
1419522792,5,25,0,1,2,4
1419522792,6,0,17,0,1,4
1419522792,7,1,0,0,2,17
1419522792,8,0,1,0,16,2
1419522792,9,4,1,0,8,5
1419523448,1,102,0,1,27,20
1419523448,2,75,0,0,6,1
1419523448,3,0,0,2,14,24
1419523448,4,16,1,2,5,15
1419523448,5,26,0,0,4,2
1419523448,6,14,0,0,4,4
1419523448,7,2,0,0,0,18
1419523448,8,14,0,0,3,2
1419523448,9,2,1,0,9,6
1419524305,1,97,0,1,31,21
1419524305,2,65,0,0,16,1
1419524305,3,7,0,0,9,24
1419524305,4,20,0,0,3,16
1419524305,5,26,0,0,4,2
1419524305,6,16,0,0,2,4
1419524305,7,1,0,0,0,19
1419524305,8,15,0,0,2,2
1419524305,9,5,0,0,5,8
1419524511,1,102,0,0,24,24
1419524511,2,68,0,0,11,3
1419524511,3,8,0,0,8,24
1419524511,4,21,0,0,2,16
1419524511,5,24,0,1,4,3
1419524511,6,17,0,0,1,4
1419524511,7,1,0,0,0,19
1419524511,8,15,0,0,2,2
1419524511,9,1,0,0,8,9
1419524730,1,111,0,0,15,24
1419524730,2,77,0,0,3,2
1419524730,3,0,4,0,12,24
1419524730,4,11,0,0,11,17
1419524730,5,27,0,0,3,2
1419524730,6,17,0,0,1,4
1419524730,7,0,0,0,0,20
1419524730,8,14,0,0,3,2
1419524730,9,1,0,0,6,11
1419524988,1,105,0,1,20,24
1419524988,2,75,0,0,5,2
1419524988,3,0,2,0,13,25
1419524988,4,20,0,0,2,17
1419524988,5,27,0,0,3,2
1419524988,6,18,0,0,0,4
1419524988,7,1,0,0,0,19
1419524988,8,14,0,0,3,2
1419524988,9,6,0,0,4,8
1419525796,1,111,0,1,13,25
1419525796,2,75,0,0,5,2
1419525796,3,8,0,0,3,29
1419525796,4,13,0,0,8,18
1419525796,5,28,1,0,1,2
1419525796,6,9,0,0,9,4
1419525796,7,0,0,1,0,19
1419525796,8,15,0,0,2,2
1419525796,9,5,1,0,7,5
1419526341,1,100,3,3,13,31
1419526341,2,77,0,0,3,2
1419526341,3,4,0,0,7,29
1419526341,4,18,0,0,1,20
1419526341,5,27,0,1,2,2
1419526341,6,18,0,0,0,4
1419526341,7,1,0,0,0,19
1419526341,8,16,0,0,1,2
1419526341,9,8,0,0,1,9
1419526557,1,83,3,4,33,27
1419526557,2,75,0,0,3,4
1419526557,3,0,0,0,8,32
1419526557,4,3,0,0,13,23
1419526557,5,0,2,0,28,2
1419526557,6,17,0,0,1,4
1419526557,7,0,0,0,0,20
1419526557,8,0,0,0,17,2
1419526557,9,5,0,0,4,9
1419526814,1,78,2,2,37,31
1419526814,2,74,0,0,5,3
1419526814,3,0,0,0,9,31
1419526814,4,4,0,0,11,24
1419526814,5,0,3,0,27,2
1419526814,6,15,0,0,2,5
1419526814,7,0,0,0,0,20
1419526814,8,0,0,0,17,2
1419526814,9,2,0,0,8,8
1419526924,1,107,0,1,13,29
1419526924,2,4,0,1,72,5
1419526924,3,0,0,0,7,33
1419526924,4,15,0,0,2,22
1419526924,5,30,0,0,0,2
1419526924,6,16,0,0,1,5
1419526924,7,1,0,0,0,19
1419526924,8,15,0,0,2,2
1419526924,9,1,0,0,5,12
1419526971,1,106,0,2,12,30
1419526971,2,0,0,0,76,6
1419526971,3,0,0,0,7,33
1419526971,4,16,0,0,1,22
1419526971,5,29,0,0,0,3
1419526971,6,17,0,0,0,5
1419526971,7,1,0,0,0,19
1419526971,8,16,0,0,1,2
1419526971,9,4,0,0,2,12
1419527133,1,109,1,0,10,30
1419527133,2,65,0,0,14,3
1419527133,3,0,0,0,7,33
1419527133,4,7,0,0,7,25
1419527133,5,26,0,0,2,4
1419527133,6,1,0,0,16,5
1419527133,7,1,0,0,0,19
1419527133,8,14,0,0,3,2
1419527133,9,5,0,0,1,12
1419761685,1,122,0,0,12,16
1419761685,2,76,0,0,4,2
1419761685,3,1,0,0,26,13
1419761685,4,18,0,0,3,18
1419761685,5,2,1,1,24,4
1419761685,6,17,0,0,5,0
1419761685,7,5,0,0,7,8
1419761685,8,14,0,0,2,3
1419761685,9,0,0,0,17,1
1419761724,1,119,0,0,16,15
1419761724,2,77,0,0,3,2
1419761724,3,0,5,1,23,11
1419761724,4,18,0,0,3,18
1419761724,5,29,0,0,0,3
1419761724,6,17,0,0,5,0
1419761724,7,5,0,0,7,8
1419761724,8,16,0,0,0,3
1419761724,9,0,0,0,17,1
1419761761,1,125,0,0,10,15
1419761761,2,75,0,0,5,2
1419761761,3,0,1,1,27,11
1419761761,4,16,0,0,5,18
1419761761,5,22,0,1,6,3
1419761761,6,17,0,0,5,0
1419761761,7,2,0,0,10,8
1419761761,8,15,0,0,1,3
1419761761,9,0,0,0,17,1
1419761938,1,110,0,2,23,15
1419761938,2,77,0,0,3,2
1419761938,3,0,1,1,27,11
1419761938,4,17,0,1,3,18
1419761938,5,28,0,1,0,3
1419761938,6,17,0,0,5,0
1419761938,7,5,0,0,7,8
1419761938,8,16,0,0,0,3
1419761938,9,0,0,0,17,1
1419761962,1,111,0,1,24,14
1419761962,2,76,0,0,4,2
1419761962,3,0,0,1,28,11
1419761962,4,17,0,1,3,18
1419761962,5,29,0,0,0,3
1419761962,6,15,0,0,7,0
1419761962,7,1,0,0,11,8
1419761962,8,16,0,0,0,3
1419761962,9,0,0,0,17,1
1419761988,1,116,0,1,18,15
1419761988,2,78,0,0,2,2
1419761988,3,0,0,1,28,11
1419761988,4,17,0,1,3,18
1419761988,5,29,0,0,0,3
1419761988,6,17,0,0,5,0
1419761988,7,1,0,0,11,8
1419761988,8,16,0,0,0,3
1419761988,9,0,0,0,17,1
1419762010,1,114,0,1,20,15
1419762010,2,79,0,0,1,2
1419762010,3,0,0,1,28,11
1419762010,4,17,0,1,3,18
1419762010,5,29,0,0,0,3
1419762010,6,17,0,0,5,0
1419762010,7,1,0,0,11,8
1419762010,8,16,0,0,0,3
1419762010,9,0,0,0,17,1
1419762079,1,119,0,1,14,16
1419762079,2,80,0,0,0,2
1419762079,3,1,3,2,23,11
1419762079,4,8,5,1,7,18
1419762079,5,26,0,0,3,3
1419762079,6,17,0,0,5,0
1419762079,7,4,0,0,8,8
1419762079,8,14,0,0,2,3
1419762079,9,0,0,0,17,1
1419763267,1,118,1,0,15,16
1419763267,2,77,0,0,4,1
1419763267,3,0,6,0,23,11
1419763267,4,17,0,0,4,18
1419763267,5,26,0,0,2,4
1419763267,6,17,0,0,5,0
1419763267,7,2,0,3,8,7
1419763267,8,15,0,0,1,3
1419763267,9,11,0,0,5,2
1419763614,1,123,0,0,13,14
1419763614,2,79,0,0,2,1
1419763614,3,14,0,0,15,11
1419763614,4,15,0,0,6,18
1419763614,5,27,0,0,1,4
1419763614,6,16,0,0,6,0
1419763614,7,9,0,0,4,7
1419763614,8,16,0,0,0,3
1419763614,9,11,0,0,5,2
1419763815,1,122,0,0,14,14
1419763815,2,80,0,0,0,2
1419763815,3,18,0,0,11,11
1419763815,4,16,0,0,5,18
1419763815,5,27,0,1,0,4
1419763815,6,17,0,0,5,0
1419763815,7,8,0,0,5,7
1419763815,8,15,0,0,1,3
1419763815,9,10,0,0,6,2
1419764201,1,111,0,0,25,14
1419764201,2,79,0,1,1,1
1419764201,3,18,0,0,11,11
1419764201,4,19,0,0,2,18
1419764201,5,27,0,0,1,4
1419764201,6,17,0,0,5,0
1419764201,7,8,0,0,5,7
1419764201,8,16,0,0,0,3
1419764201,9,9,0,0,7,2
1419764550,1,53,6,4,69,18
1419764550,2,75,0,0,6,1
1419764550,3,2,0,1,25,12
1419764550,4,12,0,0,9,18
1419764550,5,2,3,2,21,4
1419764550,6,0,0,0,22,0
1419764550,7,2,0,0,11,7
1419764550,8,0,0,0,15,4
1419764550,9,2,0,0,14,2
1419764604,1,41,1,4,87,17
1419764604,2,80,0,0,1,1
1419764604,3,3,0,0,27,10
1419764604,4,12,0,0,9,18
1419764604,5,1,0,1,26,4
1419764604,6,3,0,0,19,0
1419764604,7,1,0,0,12,7
1419764604,8,2,0,0,13,4
1419764604,9,2,0,0,14,2
1419764628,1,35,0,8,90,17
1419764628,2,79,0,0,2,1
1419764628,3,1,1,2,26,10
1419764628,4,12,0,0,9,18
1419764628,5,4,0,0,24,4
1419764628,6,0,0,0,22,0
1419764628,7,1,0,0,12,7
1419764628,8,2,0,0,13,4
1419764628,9,3,0,0,13,2
1419764715,1,38,1,10,82,19
1419764715,2,1,0,0,79,2
1419764715,3,20,0,0,10,10
1419764715,4,3,0,1,17,18
1419764715,5,9,1,0,18,4
1419764715,6,1,0,0,21,0
1419764715,7,7,0,0,6,7
1419764715,8,14,0,0,1,4
1419764715,9,2,0,0,14,2
1419764757,1,98,3,5,26,18
1419764757,2,80,0,0,1,1
1419764757,3,19,0,0,11,10
1419764757,4,19,0,0,2,18
1419764757,5,25,2,0,1,4
1419764757,6,17,0,0,5,0
1419764757,7,7,0,0,6,7
1419764757,8,14,0,1,0,4
1419764757,9,11,0,0,5,2
1419799242,1,105,0,1,21,23
1419799242,2,71,0,0,9,2
1419799242,3,6,1,0,16,17
1419799242,4,11,0,0,10,18
1419799242,5,22,0,0,4,6
1419799242,6,17,0,0,4,1
1419799242,7,1,0,0,7,12
1419799242,8,14,0,0,2,3
1419799242,9,2,0,0,14,2
1419800791,1,88,3,2,34,23
1419800791,2,80,0,0,0,2
1419800791,3,0,17,0,9,14
1419800791,4,4,10,0,7,18
1419800791,5,2,2,0,25,3
1419800791,6,19,0,0,2,1
1419800791,7,0,1,0,7,12
1419800791,8,11,0,0,5,3
1419800791,9,0,6,0,9,3
1419800988,1,105,1,2,23,19
1419800988,2,79,0,0,1,2
1419800988,3,0,14,0,11,15
1419800988,4,6,8,1,6,18
1419800988,5,27,0,2,0,3
1419800988,6,18,0,0,3,1
1419800988,7,0,1,1,6,12
1419800988,8,15,0,0,0,4
1419800988,9,0,4,0,11,3
1419801417,1,116,2,0,13,19
1419801417,2,80,0,0,1,1
1419801417,3,0,10,0,15,15
1419801417,4,12,4,2,3,18
1419801417,5,21,0,5,3,3
1419801417,6,18,0,0,3,1
1419801417,7,0,0,1,7,12
1419801417,8,9,1,1,4,4
1419801417,9,0,0,0,13,5
1419801463,1,122,1,0,9,18
1419801463,2,80,0,0,1,1
1419801463,3,0,8,0,17,15
1419801463,4,13,1,2,5,18
1419801463,5,20,0,5,4,3
1419801463,6,18,0,0,3,1
1419801463,7,0,0,1,7,12
1419801463,8,10,0,2,3,4
1419801463,9,0,0,0,14,4
1419801943,1,107,1,4,19,19
1419801943,2,80,0,0,1,1
1419801943,3,0,8,0,17,15
1419801943,4,4,11,1,4,19
1419801943,5,21,1,1,6,3
1419801943,6,18,0,0,3,1
1419801943,7,0,1,0,7,12
1419801943,8,1,2,1,11,4
1419801943,9,0,4,0,10,4
1419802189,1,123,0,0,10,17
1419802189,2,81,0,0,0,1
1419802189,3,0,9,0,15,16
1419802189,4,14,3,0,3,19
1419802189,5,27,0,0,2,3
1419802189,6,18,0,0,3,1
1419802189,7,0,0,0,8,12
1419802189,8,15,0,0,0,4
1419802189,9,1,0,0,11,6
1419802312,1,104,2,4,16,24
1419802312,2,76,1,0,4,1
1419802312,3,1,1,0,20,18
1419802312,4,17,0,0,3,19
1419802312,5,29,0,0,0,3
1419802312,6,19,0,0,2,1
1419802312,7,3,0,0,5,12
1419802312,8,15,0,0,0,4
1419802312,9,7,0,0,5,6
1419814762,1,108,1,1,18,22
1419814762,2,78,0,0,1,3
1419814762,3,0,7,0,17,16
1419814762,4,4,9,0,5,21
1419814762,5,26,1,0,3,2
1419814762,6,16,0,0,5,1
1419814762,7,0,0,0,7,13
1419814762,8,0,2,0,12,5
1419814762,9,0,0,0,3,15
1419815310,1,127,0,0,2,21
1419815310,2,78,0,0,1,3
1419815310,3,0,9,0,17,14
1419815310,4,6,0,1,11,21
1419815310,5,30,0,0,0,2
1419815310,6,16,0,0,5,1
1419815310,7,1,0,0,6,13
1419815310,8,15,0,0,1,3
1419815310,9,0,0,0,3,15
1419816280,1,115,1,1,8,25
1419816280,2,78,0,0,1,3
1419816280,3,0,10,0,16,14
1419816280,4,3,8,3,3,22
1419816280,5,28,0,1,1,2
1419816280,6,17,0,0,4,1
1419816280,7,0,0,1,6,13
1419816280,8,15,0,1,0,3
1419816280,9,0,0,0,1,17
1419816794,1,121,1,2,2,24
1419816794,2,79,0,0,0,3
1419816794,3,0,10,0,15,15
1419816794,4,7,0,3,8,21
1419816794,5,27,0,1,2,2
1419816794,6,17,0,0,4,1
1419816794,7,1,0,0,6,13
1419816794,8,16,0,0,0,3
1419816794,9,0,0,0,1,17
1419825620,1,9,41,11,61,28
1419825620,2,0,4,2,74,2
1419825620,3,0,0,0,23,17
1419825620,4,10,1,1,4,23
1419825620,5,29,0,0,1,2
1419825620,6,0,1,0,20,1
1419825620,7,1,0,0,6,13
1419825620,8,15,0,0,1,3
1419825620,9,0,0,0,1,17
1419827047,1,120,1,2,9,18
1419827047,2,81,0,0,0,1
1419827047,3,0,17,0,8,15
1419827047,4,5,7,1,4,22
1419827047,5,10,2,4,14,2
1419827047,6,17,0,0,4,1
1419827047,7,0,0,0,7,13
1419827047,8,0,0,2,13,4
1419827047,9,0,0,0,1,17
1419827229,1,112,0,0,10,28
1419827229,2,78,0,0,2,2
1419827229,3,0,0,0,0,40
1419827229,4,5,0,0,9,25
1419827229,5,14,0,0,10,8
1419827229,6,16,0,0,4,2
1419827229,7,0,0,0,7,13
1419827229,8,3,0,0,11,5
1419827229,9,0,0,0,1,17
1421145841,1,108,0,0,16,26
1421145841,2,65,0,0,13,4
1421145841,3,1,0,0,30,9
1421145841,4,14,0,0,15,10
1421145841,5,27,0,0,1,4
1421145841,6,16,0,0,4,2
1421145841,7,8,0,0,7,5
1421145841,8,15,0,0,0,4
1421145841,9,2,0,0,13,3
1421148385,1,121,0,1,4,24
1421148385,2,70,0,0,7,5
1421148385,3,0,2,0,27,11
1421148385,4,14,0,8,8,9
1421148385,5,27,0,0,1,4
1421148385,6,15,0,0,5,2
1421148385,7,16,0,0,2,2
1421148385,8,14,0,0,0,5
1421148385,9,11,0,0,4,3
1421148438,1,98,0,5,22,25
1421148438,2,75,0,0,2,5
1421148438,3,0,0,1,27,12
1421148438,4,12,0,7,9,11
1421148438,5,27,0,0,1,4
1421148438,6,16,0,0,4,2
1421148438,7,1,0,0,15,4
1421148438,8,16,0,0,0,3
1421148438,9,1,0,4,10,3
1421148491,1,34,0,17,72,27
1421148491,2,33,0,0,43,6
1421148491,3,0,1,1,26,12
1421148491,4,3,0,1,22,13
1421148491,5,0,0,0,28,4
1421148491,6,16,0,0,4,2
1421148491,7,0,0,0,17,3
1421148491,8,16,0,0,0,3
1421148491,9,0,0,2,13,3
1421148940,1,116,0,1,5,28
1421148940,2,72,0,1,4,5
1421148940,3,12,0,0,9,19
1421148940,4,22,0,0,4,13
1421148940,5,27,0,0,1,4
1421148940,6,16,0,0,4,2
1421148940,7,12,0,0,4,4
1421148940,8,16,0,0,0,3
1421148940,9,11,0,0,4,3
1421148968,1,118,0,0,4,28
1421148968,2,74,0,0,3,5
1421148968,3,12,0,0,9,19
1421148968,4,22,0,0,4,13
1421148968,5,27,0,0,1,4
1421148968,6,16,0,0,2,4
1421148968,7,10,0,0,6,4
1421148968,8,16,0,0,0,3
1421148968,9,11,0,0,4,3
1421149353,1,111,0,0,7,32
1421149353,2,67,0,0,9,6
1421149353,3,0,3,1,15,21
1421149353,4,13,0,7,5,14
1421149353,5,26,0,1,1,4
1421149353,6,16,0,0,5,1
1421149353,7,9,0,0,4,7
1421149353,8,14,0,0,2,3
1421149353,9,11,0,0,3,4
1421149951,1,101,0,1,17,31
1421149951,2,64,0,0,13,5
1421149951,3,9,0,0,12,19
1421149951,4,18,0,0,7,14
1421149951,5,27,0,0,1,4
1421149951,6,17,0,0,4,1
1421149951,7,9,0,0,3,8
1421149951,8,15,0,0,1,3
1421149951,9,10,0,0,5,3
1421150385,1,101,0,0,19,30
1421150385,2,67,0,0,10,5
1421150385,3,0,1,1,19,19
1421150385,4,8,6,0,11,14
1421150385,5,23,0,0,5,4
1421150385,6,14,0,0,7,1
1421150385,7,8,0,0,4,8
1421150385,8,14,0,0,2,3
1421150385,9,1,0,0,10,7
1421153068,1,75,0,1,38,36
1421153068,2,54,0,0,23,5
1421153068,3,0,0,0,24,16
1421153068,4,6,7,0,8,18
1421153068,5,11,0,1,12,8
1421153068,6,14,0,0,7,1
1421153068,7,2,0,0,8,10
1421153068,8,10,0,0,6,3
1421153068,9,2,0,0,9,7
1421153739,1,96,0,0,21,33
1421153739,2,74,0,0,4,4
1421153739,3,16,0,0,9,15
1421153739,4,12,0,0,12,15
1421153739,5,24,0,0,3,5
1421153739,6,14,0,0,7,1
1421153739,7,10,0,0,2,8
1421153739,8,11,0,0,4,4
1421153739,9,8,0,0,7,3
1421153770,1,85,0,0,33,32
1421153770,2,66,0,0,12,4
1421153770,3,0,3,0,22,15
1421153770,4,8,8,0,8,15
1421153770,5,18,0,1,8,5
1421153770,6,15,0,0,6,1
1421153770,7,4,0,0,7,9
1421153770,8,11,0,0,4,4
1421153770,9,5,0,0,10,3
1421154590,1,102,1,1,14,32
1421154590,2,73,0,0,5,4
1421154590,3,19,0,0,7,14
1421154590,4,22,0,0,2,15
1421154590,5,26,0,0,1,5
1421154590,6,16,0,0,5,1
1421154590,7,8,0,0,1,11
1421154590,8,12,0,0,3,4
1421154590,9,9,0,0,6,3
1421154636,1,101,0,0,19,30
1421154636,2,66,0,0,12,4
1421154636,3,0,1,0,24,15
1421154636,4,10,7,2,5,15
1421154636,5,21,0,0,6,5
1421154636,6,17,0,0,4,1
1421154636,7,4,0,0,5,11
1421154636,8,12,0,0,1,6
1421154636,9,3,0,0,12,3
1421155273,1,90,0,7,21,32
1421155273,2,70,0,0,8,4
1421155273,3,0,1,1,23,15
1421155273,4,21,0,0,3,15
1421155273,5,27,0,0,0,5
1421155273,6,14,0,0,7,1
1421155273,7,8,0,0,1,11
1421155273,8,16,0,0,0,3
1421155273,9,4,0,0,9,5
1421155314,1,77,1,0,41,31
1421155314,2,67,0,0,11,4
1421155314,3,0,2,0,23,15
1421155314,4,6,8,1,9,15
1421155314,5,10,0,0,17,5
1421155314,6,14,0,0,7,1
1421155314,7,2,0,0,7,11
1421155314,8,14,0,0,2,3
1421155314,9,3,0,0,10,5
1421156054,1,64,17,3,31,35
1421156054,2,69,0,0,9,4
1421156054,3,11,0,0,14,15
1421156054,4,20,1,0,3,15
1421156054,5,25,0,0,2,5
1421156054,6,17,0,0,5,0
1421156054,7,5,0,0,2,13
1421156054,8,15,0,0,1,3
1421156054,9,3,0,0,10,5
1421156429,1,95,0,1,25,29
1421156429,2,4,0,0,72,6
1421156429,3,18,0,0,7,15
1421156429,4,11,0,1,12,15
1421156429,5,7,0,1,19,5
1421156429,6,0,4,0,18,0
1421156429,7,2,0,0,4,14
1421156429,8,0,0,0,16,3
1421156429,9,1,0,1,11,5
1421156457,1,75,2,1,42,30
1421156457,2,8,0,1,66,7
1421156457,3,1,0,0,24,15
1421156457,4,9,8,0,7,15
1421156457,5,24,0,0,3,5
1421156457,6,17,0,0,5,0
1421156457,7,2,0,0,4,14
1421156457,8,11,0,0,5,3
1421156457,9,3,0,0,10,5
1421158378,1,110,0,0,12,28
1421158378,2,13,0,1,57,11
1421158378,3,20,0,0,5,15
1421158378,4,21,0,0,3,15
1421158378,5,26,0,0,1,5
1421158378,6,17,0,0,5,0
1421158378,7,6,0,0,0,14
1421158378,8,16,0,0,0,3
1421158378,9,1,0,0,7,10
1421165486,1,0,0,0,107,43
1421165486,2,0,0,0,74,8
1421165486,3,0,0,0,28,12
1421165486,4,0,0,0,20,19
1421165486,5,0,0,0,19,13
1421165486,6,0,0,0,19,3
1421165486,7,0,0,0,8,12
1421165486,8,0,0,0,16,3
1421165486,9,0,0,0,14,4
1421165586,1,52,0,0,61,37
1421165586,2,48,0,0,26,8
1421165586,3,0,0,0,30,10
1421165586,4,5,5,0,10,19
1421165586,5,10,0,0,11,11
1421165586,6,13,0,0,6,3
1421165586,7,3,0,0,6,11
1421165586,8,11,0,0,5,3
1421165586,9,1,0,0,13,4
1421165613,1,66,0,0,47,37
1421165613,2,54,0,0,22,6
1421165613,3,0,2,0,28,10
1421165613,4,7,5,0,8,19
1421165613,5,19,0,0,3,10
1421165613,6,12,0,0,7,3
1421165613,7,2,0,0,7,11
1421165613,8,13,0,0,3,3
1421165613,9,2,0,0,12,4
1421166106,1,96,0,0,22,32
1421166106,2,65,0,0,11,6
1421166106,3,14,0,0,16,10
1421166106,4,20,0,0,3,16
1421166106,5,22,0,0,2,8
1421166106,6,13,0,0,6,3
1421166106,7,5,0,0,4,11
1421166106,8,14,0,0,0,5
1421166106,9,10,0,0,4,4
1421166141,1,84,0,0,37,29
1421166141,2,61,1,0,14,6
1421166141,3,1,1,0,29,9
1421166141,4,8,7,0,8,16
1421166141,5,14,1,0,9,8
1421166141,6,12,0,0,7,3
1421166141,7,2,0,0,7,11
1421166141,8,13,0,0,1,5
1421166141,9,4,0,0,10,4
1421167220,1,60,3,2,56,29
1421167220,2,16,0,1,58,7
1421167220,3,8,0,0,22,10
1421167220,4,3,0,0,21,15
1421167220,5,1,0,0,24,7
1421167220,6,12,0,0,7,3
1421167220,7,3,0,0,4,13
1421167220,8,12,0,0,3,4
1421167220,9,1,0,0,13,4
1421167258,1,23,14,9,74,30
1421167258,2,0,0,0,75,7
1421167258,3,21,0,0,10,9
1421167258,4,2,11,0,11,15
1421167258,5,0,22,0,4,6
1421167258,6,0,2,0,17,3
1421167258,7,0,0,2,4,14
1421167258,8,10,0,0,4,5
1421167258,9,4,0,0,10,4
1421167389,1,61,13,2,42,32
1421167389,2,13,0,1,61,7
1421167389,3,22,1,0,9,8
1421167389,4,5,8,0,11,15
1421167389,5,1,0,0,25,6
1421167389,6,14,0,0,5,3
1421167389,7,5,0,0,2,13
1421167389,8,14,0,0,0,5
1421167389,9,5,0,0,9,4
1421168804,1,89,0,1,30,30
1421168804,2,66,0,0,9,7
1421168804,3,0,1,0,29,10
1421168804,4,4,7,1,12,15
1421168804,5,8,0,0,18,6
1421168804,6,12,0,0,7,3
1421168804,7,2,0,0,4,14
1421168804,8,10,0,0,5,4
1421168804,9,3,0,0,11,4
1421169583,1,92,0,0,27,31
1421169583,2,70,0,0,7,5
1421169583,3,0,2,0,23,15
1421169583,4,22,0,0,3,14
1421169583,5,22,0,0,3,7
1421169583,6,12,0,0,7,3
1421169583,7,2,0,0,2,16
1421169583,8,13,0,0,0,6
1421169583,9,7,0,0,5,6
1421170543,1,97,0,0,20,33
1421170543,2,71,0,0,6,5
1421170543,3,1,5,0,11,23
1421170543,4,20,0,0,4,15
1421170543,5,25,0,0,0,7
1421170543,6,0,0,0,19,3
1421170543,7,1,0,0,1,18
1421170543,8,14,0,0,1,4
1421170543,9,1,0,0,10,7
1421170597,1,89,0,3,24,34
1421170597,2,64,0,0,13,5
1421170597,3,0,0,0,17,23
1421170597,4,9,2,0,11,17
1421170597,5,13,0,0,12,7
1421170597,6,10,0,0,9,3
1421170597,7,0,0,0,2,18
1421170597,8,12,0,0,3,4
1421170597,9,4,0,0,7,7
1421170978,1,96,0,0,20,34
1421170978,2,65,0,0,12,5
1421170978,3,0,0,0,13,27
1421170978,4,18,0,0,6,15
1421170978,5,17,0,0,7,8
1421170978,6,14,0,0,5,3
1421170978,7,1,0,0,1,18
1421170978,8,15,0,0,0,4
1421170978,9,7,0,0,5,6
1421171030,1,89,0,0,27,34
1421171030,2,58,0,0,19,5
1421171030,3,0,0,0,15,25
1421171030,4,11,0,0,13,15
1421171030,5,18,0,0,6,8
1421171030,6,14,0,0,5,3
1421171030,7,0,0,0,1,19
1421171030,8,14,0,0,0,5
1421171030,9,3,0,0,7,8
1421171130,1,96,0,0,20,34
1421171130,2,61,0,0,16,5
1421171130,3,6,0,0,10,24
1421171130,4,21,0,0,3,15
1421171130,5,19,0,0,5,8
1421171130,6,14,0,0,5,3
1421171130,7,0,0,0,1,19
1421171130,8,15,0,0,0,4
1421171130,9,7,0,0,4,7
1421171416,1,97,0,0,18,35
1421171416,2,70,0,0,7,5
1421171416,3,0,0,0,10,30
1421171416,4,22,0,0,2,15
1421171416,5,22,0,0,2,8
1421171416,6,14,0,0,5,3
1421171416,7,0,0,0,1,19
1421171416,8,15,0,0,0,4
1421171416,9,7,0,0,4,7
1421233319,1,97,0,0,20,33
1421233319,2,73,0,0,4,5
1421233319,3,18,0,0,9,13
1421233319,4,17,0,0,6,16
1421233319,5,25,0,0,2,5
1421233319,6,15,0,0,3,4
1421233319,7,11,0,0,3,6
1421233319,8,12,0,0,3,4
1421233319,9,7,0,0,9,2
1421233362,1,96,0,0,22,32
1421233362,2,71,0,0,6,5
1421233362,3,19,0,0,8,13
1421233362,4,19,0,0,4,16
1421233362,5,24,0,0,3,5
1421233362,6,15,0,0,3,4
1421233362,7,8,0,0,6,6
1421233362,8,12,0,0,3,4
1421233362,9,6,0,0,10,2
1421233400,1,96,0,0,22,32
1421233400,2,73,0,0,4,5
1421233400,3,19,0,0,8,13
1421233400,4,19,0,0,4,16
1421233400,5,21,0,0,6,5
1421233400,6,13,0,0,5,4
1421233400,7,8,0,0,6,6
1421233400,8,12,0,0,3,4
1421233400,9,8,0,0,9,1
1421233453,1,85,0,1,32,32
1421233453,2,70,0,0,7,5
1421233453,3,2,2,0,22,14
1421233453,4,6,8,0,9,16
1421233453,5,11,1,0,15,5
1421233453,6,14,0,0,4,4
1421233453,7,7,0,0,7,6
1421233453,8,9,0,0,6,4
1421233453,9,9,0,0,8,1
1421234199,1,89,1,1,25,32
1421234199,2,67,0,0,10,4
1421234199,3,0,5,0,19,16
1421234199,4,6,3,0,13,17
1421234199,5,1,2,0,24,5
1421234199,6,1,0,0,17,4
1421234199,7,2,0,0,11,7
1421234199,8,14,0,0,0,5
1421234199,9,4,1,1,10,2
1421234234,1,93,0,0,24,31
1421234234,2,68,0,0,9,4
1421234234,3,0,1,0,23,16
1421234234,4,10,0,0,12,17
1421234234,5,24,0,0,3,5
1421234234,6,16,0,0,2,4
1421234234,7,5,0,0,8,7
1421234234,8,14,0,0,0,5
1421234234,9,5,0,0,11,2
1421234293,1,91,0,1,25,31
1421234293,2,67,0,0,10,4
1421234293,3,0,1,0,23,16
1421234293,4,9,7,0,6,17
1421234293,5,16,0,0,11,5
1421234293,6,16,0,0,2,4
1421234293,7,4,0,0,10,6
1421234293,8,13,0,0,1,5
1421234293,9,1,0,0,15,2
1421235019,1,76,1,2,36,33
1421235019,2,70,0,0,6,5
1421235019,3,10,1,0,10,19
1421235019,4,5,1,1,15,17
1421235019,5,0,3,1,23,5
1421235019,6,10,0,0,8,4
1421235019,7,2,0,0,9,9
1421235019,8,12,0,0,3,4
1421235019,9,5,0,1,10,2
1421235079,1,91,0,1,23,33
1421235079,2,72,0,0,5,4
1421235079,3,11,1,0,9,19
1421235079,4,14,0,0,8,17
1421235079,5,13,0,1,12,6
1421235079,6,12,0,0,6,4
1421235079,7,4,0,0,7,9
1421235079,8,14,0,0,1,4
1421235079,9,10,0,0,6,2
1421235122,1,90,0,0,25,33
1421235122,2,69,0,0,8,4
1421235122,3,0,0,0,19,21
1421235122,4,10,8,0,4,17
1421235122,5,10,1,0,15,6
1421235122,6,12,0,0,6,4
1421235122,7,2,0,0,9,9
1421235122,8,13,0,0,2,4
1421235122,9,4,0,0,11,3
1421236077,1,103,0,1,11,33
1421236077,2,71,0,0,6,4
1421236077,3,0,0,1,12,27
1421236077,4,11,0,2,9,17
1421236077,5,20,0,1,4,7
1421236077,6,12,0,0,6,4
1421236077,7,4,0,0,7,9
1421236077,8,15,0,0,0,4
1421236077,9,2,0,0,10,6
1421236129,1,91,0,1,20,36
1421236129,2,67,0,0,9,5
1421236129,3,0,0,0,11,29
1421236129,4,11,6,0,5,17
1421236129,5,14,0,1,10,7
1421236129,6,12,0,0,6,4
1421236129,7,2,0,0,9,9
1421236129,8,11,0,0,4,4
1421236129,9,6,0,0,8,4
1421237497,1,92,0,3,16,37
1421237497,2,66,0,1,9,5
1421237497,3,10,0,0,6,24
1421237497,4,20,0,0,2,17
1421237497,5,22,0,0,3,7
1421237497,6,14,0,0,4,4
1421237497,7,9,0,0,2,9
1421237497,8,15,0,0,0,4
1421237497,9,8,0,0,3,7
1421240630,1,86,0,0,26,36
1421240630,2,65,0,0,8,8
1421240630,3,1,0,0,1,38
1421240630,4,14,0,0,2,23
1421240630,5,25,0,0,0,7
1421240630,6,12,0,0,6,4
1421240630,7,1,0,0,2,17
1421240630,8,15,0,0,0,4
1421240630,9,8,0,0,0,10
1421240661,1,86,0,0,26,36
1421240661,2,65,0,0,7,9
1421240661,3,0,0,0,2,38
1421240661,4,14,0,0,2,23
1421240661,5,25,0,0,0,7
1421240661,6,14,0,0,4,4
1421240661,7,0,0,0,3,17
1421240661,8,15,0,0,0,4
1421240661,9,7,0,0,1,10
1421240701,1,91,0,0,21,36
1421240701,2,66,0,0,6,9
1421240701,3,2,0,0,1,37
1421240701,4,15,0,0,2,22
1421240701,5,25,0,0,0,7
1421240701,6,14,0,0,4,4
1421240701,7,1,0,0,2,17
1421240701,8,15,0,0,0,4
1421240701,9,7,0,0,0,11
1421241731,1,98,0,0,12,38
1421241731,2,64,0,0,6,11
1421241731,3,1,0,0,2,37
1421241731,4,17,0,0,1,21
1421241731,5,24,0,0,0,8
1421241731,6,16,0,0,2,4
1421241731,7,1,0,0,2,17
1421241731,8,15,0,0,0,4
1421241731,9,5,0,0,0,13
1421316744,1,99,0,0,22,27
1421316744,2,62,0,0,15,4
1421316744,3,1,0,0,32,7
1421316744,4,4,8,1,5,21
1421316744,5,12,0,0,12,8
1421316744,6,12,0,0,5,5
1421316744,7,3,0,0,6,11
1421316744,8,12,0,0,2,5
1421316744,9,3,0,0,11,4
1421316975,1,107,0,0,16,25
1421316975,2,61,0,0,15,5
1421316975,3,19,0,0,15,6
1421316975,4,6,7,1,5,20
1421316975,5,24,0,0,1,7
1421316975,6,0,0,0,17,5
1421316975,7,7,0,0,3,10
1421316975,8,14,0,0,0,5
1421316975,9,4,0,0,9,5
1421317019,1,107,0,0,16,25
1421317019,2,63,0,0,14,4
1421317019,3,0,1,0,33,6
1421317019,4,6,8,0,6,19
1421317019,5,18,0,0,7,7
1421317019,6,11,0,0,6,5
1421317019,7,4,0,0,6,10
1421317019,8,14,0,0,0,5
1421317019,9,2,0,0,11,5
1421317158,1,92,0,0,28,28
1421317158,2,22,2,2,45,10
1421317158,3,21,0,0,14,5
1421317158,4,6,7,0,7,19
1421317158,5,12,0,0,13,7
1421317158,6,0,0,0,17,5
1421317158,7,6,0,0,4,10
1421317158,8,0,0,1,13,5
1421317158,9,1,0,0,13,4
1421317271,1,107,0,1,16,24
1421317271,2,68,1,0,9,3
1421317271,3,9,0,0,26,5
1421317271,4,17,0,0,5,17
1421317271,5,13,1,0,11,7
1421317271,6,14,0,0,3,5
1421317271,7,6,0,0,4,10
1421317271,8,13,0,0,1,5
1421317271,9,3,0,0,11,4
1421317326,1,105,0,0,19,24
1421317326,2,68,0,0,10,3
1421317326,3,0,1,0,35,4
1421317326,4,7,8,0,8,16
1421317326,5,4,1,0,20,7
1421317326,6,14,0,0,3,5
1421317326,7,2,0,0,7,11
1421317326,8,13,0,0,1,5
1421317326,9,1,0,0,13,4
1421317499,1,104,0,0,20,24
1421317499,2,67,0,0,11,3
1421317499,3,14,0,0,21,5
1421317499,4,18,0,0,5,16
1421317499,5,23,0,0,2,7
1421317499,6,14,0,0,3,5
1421317499,7,8,0,0,2,10
1421317499,8,14,0,0,0,5
1421317499,9,1,0,0,13,4
1421317532,1,101,0,0,22,25
1421317532,2,67,0,0,11,3
1421317532,3,0,0,0,35,5
1421317532,4,8,8,0,7,16
1421317532,5,16,0,0,8,8
1421317532,6,15,0,0,2,5
1421317532,7,5,0,0,4,11
1421317532,8,14,0,0,0,5
1421317532,9,1,0,0,13,4
1421317975,1,103,0,2,18,25
1421317975,2,71,0,0,7,3
1421317975,3,19,0,0,16,5
1421317975,4,18,0,0,5,16
1421317975,5,22,0,0,3,7
1421317975,6,16,0,0,1,5
1421317975,7,5,0,0,4,11
1421317975,8,12,0,0,2,5
1421317975,9,5,1,0,8,4
1421318022,1,100,0,0,23,25
1421318022,2,70,0,0,8,3
1421318022,3,0,0,0,35,5
1421318022,4,7,8,0,8,16
1421318022,5,14,0,0,10,8
1421318022,6,13,0,0,4,5
1421318022,7,3,0,0,6,11
1421318022,8,11,0,0,4,4
1421318022,9,3,0,0,11,4
1421318227,1,105,0,0,19,24
1421318227,2,72,0,0,6,3
1421318227,3,15,0,0,19,6
1421318227,4,17,0,1,4,17
1421318227,5,22,0,0,3,7
1421318227,6,14,0,0,3,5
1421318227,7,4,0,0,5,11
1421318227,8,12,0,0,3,4
1421318227,9,10,0,0,4,4
1421318327,1,104,0,0,20,24
1421318327,2,72,0,0,5,4
1421318327,3,0,0,0,34,6
1421318327,4,8,0,2,12,17
1421318327,5,19,0,0,6,7
1421318327,6,12,0,0,5,5
1421318327,7,3,0,0,5,12
1421318327,8,14,0,0,1,4
1421318327,9,4,0,0,8,6
1421318417,1,92,0,2,29,25
1421318417,2,69,0,0,8,4
1421318417,3,0,2,0,32,6
1421318417,4,7,6,0,9,17
1421318417,5,8,1,0,16,7
1421318417,6,3,0,1,13,5
1421318417,7,2,0,0,7,11
1421318417,8,13,0,0,2,4
1421318417,9,1,0,0,11,6
1421319571,1,92,0,0,34,22
1421319571,2,68,0,0,9,4
1421319571,3,0,0,0,33,7
1421319571,4,16,0,0,6,17
1421319571,5,23,0,0,1,8
1421319571,6,0,0,0,17,5
1421319571,7,0,0,0,6,14
1421319571,8,15,0,0,0,4
1421319571,9,0,0,0,12,6
1421319615,1,98,0,1,23,26
1421319615,2,70,0,0,8,3
1421319615,3,0,6,0,28,6
1421319615,4,14,1,0,7,17
1421319615,5,24,0,0,1,7
1421319615,6,0,0,0,17,5
1421319615,7,0,0,0,5,15
1421319615,8,15,0,0,0,4
1421319615,9,0,0,0,12,6
1421319673,1,108,0,0,17,23
1421319673,2,73,0,0,5,3
1421319673,3,0,7,0,27,6
1421319673,4,13,0,0,9,17
1421319673,5,26,0,0,0,6
1421319673,6,14,0,0,3,5
1421319673,7,1,0,0,4,15
1421319673,8,15,0,0,0,4
1421319673,9,0,0,0,12,6
1421319696,1,111,0,0,14,23
1421319696,2,74,0,0,4,3
1421319696,3,0,1,0,33,6
1421319696,4,17,0,0,5,17
1421319696,5,26,0,0,0,6
1421319696,6,15,0,0,3,4
1421319696,7,0,0,0,5,15
1421319696,8,15,0,0,0,4
1421319696,9,0,0,0,12,6
1421320216,1,96,0,0,29,23
1421320216,2,68,0,0,10,3
1421320216,3,0,0,0,34,6
1421320216,4,5,0,0,14,20
1421320216,5,23,0,0,3,6
1421320216,6,17,0,0,1,4
1421320216,7,0,0,0,5,15
1421320216,8,12,0,0,3,4
1421320216,9,5,0,0,7,6
1421320302,1,91,1,0,33,23
1421320302,2,68,0,0,10,3
1421320302,3,0,7,0,27,6
1421320302,4,4,8,0,6,21
1421320302,5,7,0,0,19,6
1421320302,6,16,0,0,2,4
1421320302,7,0,0,0,5,15
1421320302,8,2,2,0,11,4
1421320302,9,1,1,0,11,5
1421321865,1,118,0,1,8,21
1421321865,2,77,0,0,1,3
1421321865,3,1,1,0,21,17
1421321865,4,13,0,1,3,22
1421321865,5,24,0,0,2,6
1421321865,6,17,0,0,1,4
1421321865,7,1,0,0,5,14
1421321865,8,14,0,0,0,5
1421321865,9,3,0,0,4,11
1421322046,1,53,1,3,69,22
1421322046,2,66,0,0,11,4
1421322046,3,0,2,0,25,13
1421322046,4,3,10,0,5,21
1421322046,5,0,7,0,19,6
1421322046,6,12,0,0,5,5
1421322046,7,0,0,0,6,14
1421322046,8,0,4,0,10,5
1421322046,9,0,0,0,10,8
1421326907,1,98,0,1,23,26
1421326907,2,71,0,0,6,4
1421326907,3,0,0,0,24,16
1421326907,4,8,0,1,3,27
1421326907,5,24,0,0,2,6
1421326907,6,16,0,0,2,4
1421326907,7,2,0,0,4,14
1421326907,8,14,0,0,1,4
1421326907,9,0,0,0,11,7
1421327031,1,103,0,0,20,25
1421327031,2,70,0,0,6,5
1421327031,3,0,5,0,20,15
1421327031,4,7,0,0,10,22
1421327031,5,24,0,0,2,6
1421327031,6,18,0,0,0,4
1421327031,7,1,0,0,5,14
1421327031,8,14,0,0,1,4
1421327031,9,1,0,0,10,7
1421327251,1,94,0,0,28,26
1421327251,2,67,0,0,9,5
1421327251,3,0,1,0,24,15
1421327251,4,4,7,1,6,21
1421327251,5,7,1,0,18,6
1421327251,6,16,0,0,2,4
1421327251,7,0,0,0,6,14
1421327251,8,12,0,0,3,4
1421327251,9,1,0,0,10,7
1421328113,1,109,0,0,16,23
1421328113,2,72,0,0,5,4
1421328113,3,15,0,0,9,16
1421328113,4,16,0,0,2,21
1421328113,5,26,0,0,0,6
1421328113,6,18,0,0,0,4
1421328113,7,1,0,0,4,15
1421328113,8,15,0,0,0,4
1421328113,9,5,0,0,6,7
1421328401,1,100,0,0,22,26
1421328401,2,70,0,0,6,5
1421328401,3,0,0,0,22,18
1421328401,4,13,0,0,5,21
1421328401,5,25,0,0,1,6
1421328401,6,17,0,0,1,4
1421328401,7,1,0,0,4,15
1421328401,8,14,0,0,1,4
1421328401,9,1,0,0,10,7
1421328473,1,96,0,0,25,27
1421328473,2,69,0,0,7,5
1421328473,3,1,2,0,18,19
1421328473,4,4,6,0,8,21
1421328473,5,8,1,0,17,6
1421328473,6,14,0,0,4,4
1421328473,7,0,0,0,4,16
1421328473,8,12,0,0,3,4
1421328473,9,1,0,0,10,7
1421328957,1,106,0,0,17,25
1421328957,2,70,0,0,7,4
1421328957,3,17,0,0,5,18
1421328957,4,15,0,0,3,21
1421328957,5,24,0,0,2,6
1421328957,6,15,0,0,3,4
1421328957,7,1,0,0,4,15
1421328957,8,13,0,0,2,4
1421328957,9,4,0,0,7,7
1421328991,1,99,0,0,22,27
1421328991,2,69,0,0,8,4
1421328991,3,0,3,0,19,18
1421328991,4,6,7,0,5,21
1421328991,5,5,1,0,20,6
1421328991,6,15,0,0,3,4
1421328991,7,0,0,0,5,15
1421328991,8,11,0,0,4,4
1421328991,9,1,0,0,10,7
1421329702,1,93,0,0,26,29
1421329702,2,69,0,0,8,4
1421329702,3,0,0,0,20,20
1421329702,4,5,0,0,13,21
1421329702,5,0,0,1,24,7
1421329702,6,14,0,0,4,4
1421329702,7,1,0,0,4,15
1421329702,8,14,0,0,1,4
1421329702,9,1,0,0,9,8
1421330032,1,98,1,0,19,30
1421330032,2,70,0,0,8,3
1421330032,3,0,0,0,20,20
1421330032,4,4,0,1,13,21
1421330032,5,0,0,0,25,7
1421330032,6,15,1,0,2,4
1421330032,7,2,0,0,4,14
1421330032,8,15,0,0,0,4
1421330032,9,1,0,0,9,8
1421330054,1,101,0,0,17,30
1421330054,2,69,0,0,9,3
1421330054,3,0,0,0,20,20
1421330054,4,15,0,0,3,21
1421330054,5,24,0,0,1,7
1421330054,6,16,0,0,2,4
1421330054,7,2,0,0,4,14
1421330054,8,13,0,0,2,4
1421330054,9,1,0,0,9,8
1421330114,1,99,0,0,19,30
1421330114,2,66,0,0,12,3
1421330114,3,0,0,0,21,19
1421330114,4,4,8,0,6,21
1421330114,5,4,0,0,21,7
1421330114,6,16,0,0,2,4
1421330114,7,1,0,0,5,14
1421330114,8,14,0,0,1,4
1421330114,9,1,0,0,9,8
1421330338,1,95,0,1,20,32
1421330338,2,66,0,0,12,3
1421330338,3,17,0,0,5,18
1421330338,4,17,0,0,1,21
1421330338,5,24,0,0,1,7
1421330338,6,16,0,0,2,4
1421330338,7,2,0,0,4,14
1421330338,8,13,0,0,2,4
1421330338,9,4,0,0,7,7
1421338120,1,0,0,0,109,39
1421338120,2,0,0,0,77,4
1421338120,3,0,0,0,24,16
1421338120,4,0,0,0,17,22
1421338120,5,0,0,0,20,12
1421338120,6,0,0,0,16,6
1421338120,7,0,0,0,7,13
1421338120,8,0,0,0,14,5
1421338120,9,0,0,0,12,6
1421338213,1,54,0,0,60,34
1421338213,2,59,0,0,19,3
1421338213,3,0,0,0,25,15
1421338213,4,5,5,0,7,22
1421338213,5,9,1,0,14,8
1421338213,6,12,0,0,4,6
1421338213,7,2,0,0,6,12
1421338213,8,11,0,0,4,4
1421338213,9,3,0,0,9,6
1421338943,1,105,0,0,17,26
1421338943,2,70,0,0,8,3
1421338943,3,8,0,0,19,13
1421338943,4,7,0,0,12,20
1421338943,5,23,0,0,4,5
1421338943,6,15,0,0,1,6
1421338943,7,4,0,0,4,12
1421338943,8,15,0,0,0,4
1421338943,9,4,0,0,8,6
1421338995,1,95,0,0,27,26
1421338995,2,69,0,0,9,3
1421338995,3,0,0,0,27,13
1421338995,4,6,7,0,5,21
1421338995,5,3,1,0,23,5
1421338995,6,13,0,0,3,6
1421338995,7,3,0,0,5,12
1421338995,8,11,0,0,4,4
1421338995,9,1,0,0,11,6
1421339553,1,104,0,0,18,26
1421339553,2,67,0,0,11,3
1421339553,3,0,0,0,28,12
1421339553,4,12,0,0,6,21
1421339553,5,25,0,2,1,4
1421339553,6,15,0,0,1,6
1421339553,7,3,0,0,5,12
1421339553,8,14,0,0,1,4
1421339553,9,2,0,0,10,6
1421339608,1,97,0,0,25,26
1421339608,2,65,0,0,13,3
1421339608,3,0,0,0,28,12
1421339608,4,5,6,0,7,21
1421339608,5,7,0,0,21,4
1421339608,6,15,0,0,1,6
1421339608,7,2,0,0,6,12
1421339608,8,11,0,0,4,4
1421339608,9,1,0,0,11,6
1421340697,1,108,0,0,14,26
1421340697,2,72,0,0,6,3
1421340697,3,0,0,0,26,14
1421340697,4,5,0,1,11,22
1421340697,5,0,0,1,26,5
1421340697,6,15,0,0,3,4
1421340697,7,0,1,0,7,12
1421340697,8,8,0,0,6,5
1421340697,9,2,0,0,11,5
1421340783,1,115,0,0,8,25
1421340783,2,71,0,1,6,3
1421340783,3,0,1,0,25,14
1421340783,4,7,0,1,9,22
1421340783,5,22,0,0,6,4
1421340783,6,18,0,0,0,4
1421340783,7,0,0,0,8,12
1421340783,8,14,0,0,0,5
1421340783,9,2,1,0,10,5
1421341647,1,114,0,1,8,25
1421341647,2,73,0,0,5,3
1421341647,3,0,0,0,26,14
1421341647,4,14,0,1,2,22
1421341647,5,20,0,1,7,4
1421341647,6,18,0,0,1,3
1421341647,7,0,0,0,8,12
1421341647,8,14,0,0,1,4
1421341647,9,3,0,0,10,5
1421341710,1,95,0,0,24,29
1421341710,2,68,0,0,7,6
1421341710,3,0,0,0,26,14
1421341710,4,4,7,0,6,22
1421341710,5,6,0,0,22,4
1421341710,6,16,0,0,3,3
1421341710,7,1,0,0,3,16
1421341710,8,8,0,0,6,5
1421341710,9,4,0,0,9,5
1421342681,1,106,0,1,14,27
1421342681,2,72,0,0,6,3
1421342681,3,17,1,0,8,14
1421342681,4,15,0,0,2,22
1421342681,5,25,0,0,3,4
1421342681,6,17,0,0,2,3
1421342681,7,4,0,0,1,15
1421342681,8,14,0,0,0,5
1421342681,9,7,0,0,5,6
1421342713,1,94,0,0,26,28
1421342713,2,66,0,0,12,3
1421342713,3,0,0,0,25,15
1421342713,4,5,8,0,4,22
1421342713,5,4,2,0,22,4
1421342713,6,15,0,0,4,3
1421342713,7,2,0,0,3,15
1421342713,8,10,0,0,4,5
1421342713,9,0,0,0,12,6
1421343013,1,102,0,0,17,29
1421343013,2,72,0,0,6,3
1421343013,3,0,0,0,23,17
1421343013,4,13,0,1,3,22
1421343013,5,24,0,0,4,4
1421343013,6,17,0,0,2,3
1421343013,7,0,0,0,3,17
1421343013,8,12,0,0,2,5
1421343013,9,2,0,0,12,4
1421343055,1,95,0,0,24,29
1421343055,2,69,0,0,9,3
1421343055,3,0,0,0,23,17
1421343055,4,5,7,1,4,22
1421343055,5,6,0,0,22,4
1421343055,6,17,0,0,2,3
1421343055,7,1,0,0,2,17
1421343055,8,12,0,0,2,5
1421343055,9,0,0,0,14,4
1421344241,1,114,0,0,6,28
1421344241,2,70,0,0,6,5
1421344241,3,0,0,0,23,17
1421344241,4,14,0,0,3,22
1421344241,5,25,0,0,2,5
1421344241,6,17,0,1,1,3
1421344241,7,1,0,0,1,18
1421344241,8,10,0,0,3,6
1421344241,9,0,0,0,7,11
1421344407,1,113,0,0,6,29
1421344407,2,68,0,0,8,5
1421344407,3,19,0,0,5,16
1421344407,4,13,0,1,3,22
1421344407,5,22,0,1,4,5
1421344407,6,1,1,0,17,3
1421344407,7,0,0,0,2,18
1421344407,8,10,0,0,4,5
1421344407,9,1,0,0,6,11
1421413705,1,120,0,0,1,27
1421413705,2,72,0,0,0,9
1421413705,3,17,0,0,11,12
1421413705,4,17,0,0,1,21
1421413705,5,24,0,0,2,6
1421413705,6,17,0,0,5,0
1421413705,7,8,0,0,1,11
1421413705,8,14,0,0,0,5
1421413705,9,8,0,0,4,6
1421417363,1,56,0,0,33,59
1421417363,2,17,0,0,36,28
1421417363,3,6,0,0,20,14
1421417363,4,15,0,0,3,21
1421417363,5,24,0,0,3,5
1421417363,6,19,0,1,1,1
1421417363,7,2,0,0,1,17
1421417363,8,13,0,0,2,4
1421417363,9,0,0,0,6,12
1421417807,1,69,0,0,20,59
1421417807,2,39,0,0,15,27
1421417807,3,7,0,0,18,15
1421417807,4,16,0,1,1,21
1421417807,5,27,0,0,0,5
1421417807,6,21,0,0,1,0
1421417807,9,0,0,0,6,13
1421417807,8,14,0,0,1,4
1421417807,7,2,0,0,0,17
1421418086,1,72,0,0,13,63
1421418086,2,40,0,0,14,27
1421418086,3,10,0,0,16,14
1421418086,4,16,0,0,1,22
1421418086,5,27,0,0,0,5
1421418086,6,22,0,0,0,0
1421418086,9,0,0,0,6,13
1421418086,8,15,0,0,0,4
1421418086,7,2,0,0,0,17
